{
  "x": 247.0833282470703,
  "y": 733.0499877929688,
  "width": 417.9166870117187,
  "height": 32
}