{
  "x": 329.91668701171875,
  "y": 586.0333251953125,
  "width": 417.9166564941406,
  "height": 56
}