{
  "x": 247.0833282470703,
  "y": 479.0333251953125,
  "width": 400,
  "height": 32
}