{
  "x": 1001.566650390625,
  "y": 603.066650390625,
  "width": 128,
  "height": 24.5
}